Concept,semantic_fiel,POS,vi,hi,vi-hi,Rankg
gebenV,Possession,Verb,0.835,0.278,0.556,1
fliegenV,Motion,Verb,0.793,0.264,0.529,2
brennenV,The physical world,Verb,0.766,0.244,0.522,3
weckenV,NA,Verb,0.725,0.208,0.517,4
lebendigA,NA,Adjective,0.824,0.313,0.511,5
KalteN,NA,Noun,0.763,0.253,0.511,6
SchattenN,The physical world,Noun,0.783,0.272,0.511,7
flieenV,Motion,Verb,0.779,0.275,0.504,8
neunzigNUM,NA,Numerical,0.821,0.316,0.504,9
regnenV,NA,Verb,0.817,0.316,0.501,10
wieFADV,Cognition,Interrogative (adv.),0.696,0.199,0.497,11
funfzigNUM,NA,Numerical,0.822,0.327,0.495,12
fliehenV,Motion,Verb,0.797,0.306,0.491,13
lachenV,Emotions and values,Verb,0.794,0.306,0.488,14
nichtADV,Miscellaneous function words,Adverb,0.789,0.301,0.488,15
machenV,Basic actions and technology,Verb,0.757,0.27,0.487,16
sagenV,Speech and language,Verb,0.758,0.272,0.486,17
warmA,Sense perception,Adjective,0.761,0.276,0.484,18
unterPRP,Spatial relations,Preposition,0.776,0.293,0.483,19
stohnenV,Emotions and values,Verb,0.705,0.223,0.482,20
rennenV,Motion,Verb,0.795,0.314,0.481,21
SchlafN,NA,Noun,0.69,0.209,0.48,22
SchwesterN,Kinship,Noun,0.72,0.24,0.48,23
stehlenV,Law,Verb,0.735,0.256,0.479,24
erkennenV,NA,Verb,0.813,0.335,0.478,25
tunV,Basic actions and technology,Verb,0.792,0.314,0.477,26
neuA,Time,Adjective,0.759,0.282,0.477,27
RauchN,The physical world,Noun,0.804,0.332,0.473,28
ersterA,Quantity,Adjective,0.766,0.296,0.47,29
einschlafenV,NA,Verb,0.75,0.282,0.468,30
SteinN,NA,Noun,0.782,0.314,0.468,31
KohleN,The physical world,Noun,0.77,0.302,0.467,32
fegenV,Basic actions and technology,Verb,0.754,0.287,0.467,33
furchtenV,NA,Verb,0.737,0.27,0.467,34
spielenV,Emotions and values,Verb,0.681,0.218,0.463,35
bitterA,Sense perception,Adjective,0.733,0.273,0.46,36
hierADV,Miscellaneous function words,Adverb,0.742,0.282,0.46,37
rauchenV,NA,Verb,0.723,0.264,0.458,38
zuhorenV,Sense perception,Verb,0.727,0.269,0.458,39
RegenbogenN,The physical world,Noun,0.715,0.257,0.458,40
FrostN,NA,Noun,0.715,0.258,0.458,41
dunkelA,Sense perception,Adjective,0.796,0.339,0.457,42
MausN,NA,Noun,0.747,0.291,0.456,43
abschneidenV,NA,Verb,0.642,0.186,0.456,44
GrasN,Agriculture and vegetation,Noun,0.778,0.322,0.456,45
liegenV,NA,Verb,0.674,0.219,0.455,46
ArmN,The body,Noun,0.798,0.344,0.455,47
breitA,Spatial relations,Adjective,0.725,0.27,0.454,48
StutzeN,NA,Noun,0.73,0.277,0.454,49
kehrenV,Basic actions and technology,Verb,0.662,0.209,0.453,50
trockenA,Sense perception,Adjective,0.786,0.334,0.453,51
FleischN,Food and drink,Noun,0.753,0.301,0.452,52
SohnN,Kinship,Noun,0.797,0.346,0.451,53
stehenV,Spatial relations,Verb,0.795,0.345,0.45,54
feuchtA,NA,Adjective,0.78,0.33,0.449,55
GelachterN,NA,Noun,0.688,0.239,0.449,56
steckenV,NA,Verb,0.711,0.263,0.448,57
SchlingeN,NA,Noun,0.743,0.296,0.446,58
RuckenN,The body,Noun,0.807,0.361,0.445,59
TropfenN,NA,Noun,0.721,0.276,0.445,60
KopfN,The body,Noun,0.845,0.4,0.445,61
klirrenV,NA,Verb,0.662,0.218,0.445,62
RandN,NA,Noun,0.66,0.22,0.441,63
hustenV,The body,Verb,0.743,0.302,0.441,64
BirkeN,Agriculture and vegetation,Noun,0.808,0.368,0.44,65
LangeN,NA,Noun,0.796,0.357,0.439,66
neunNUM,Quantity,Numerical,0.843,0.405,0.438,67
nehmenV,Possession,Verb,0.706,0.268,0.438,68
KraheN,Animals,Noun,0.741,0.303,0.437,69
laufenV,Motion,Verb,0.707,0.27,0.437,70
nahenV,Clothing and grooming,Verb,0.748,0.312,0.436,71
TurN,The house,Noun,0.706,0.27,0.436,72
SalzN,Food and drink,Noun,0.76,0.325,0.435,73
FliegeN,Animals,Noun,0.798,0.363,0.435,74
SchneeN,The physical world,Noun,0.812,0.377,0.435,75
vollA,Quantity,Adjective,0.815,0.381,0.434,76
FerseN,The body,Noun,0.732,0.298,0.434,77
HitzeN,NA,Noun,0.795,0.362,0.434,78
ZehN,The body,Noun,0.779,0.345,0.433,79
rohA,Food and drink,Adjective,0.74,0.306,0.433,80
OberschenkelN,NA,Noun,0.732,0.299,0.433,81
hellA,Sense perception,Adjective,0.769,0.336,0.433,82
fallenV,Motion,Verb,0.72,0.289,0.431,83
RegenN,The physical world,Noun,0.804,0.374,0.43,84
scharfA,Sense perception,Adjective,0.718,0.288,0.43,85
gutA,Emotions and values,Adjective,0.728,0.298,0.43,86
WindN,The physical world,Noun,0.776,0.348,0.428,87
MonatN,Time,Noun,0.74,0.312,0.427,88
stromenV,NA,Verb,0.71,0.284,0.427,89
SeiteN,NA,Noun,0.721,0.294,0.427,90
SchwanzN,The body,Noun,0.745,0.319,0.426,91
fernA,Spatial relations,Adjective,0.642,0.217,0.425,92
wievielFNUM,Cognition,Interrogative (num.),0.639,0.214,0.425,93
bellenV,NA,Verb,0.691,0.266,0.424,94
WasserN,The physical world,Noun,0.778,0.354,0.424,95
WolfN,Animals,Noun,0.788,0.365,0.423,96
verkaufenV,Possession,Verb,0.777,0.354,0.423,97
MilchN,Food and drink,Noun,0.736,0.314,0.422,98
MoorN,NA,Noun,0.709,0.288,0.421,99
gesternADV,Time,Adverb,0.653,0.232,0.421,100
NagelAnatomieN,NA,Noun,0.743,0.322,0.42,101
LugeN,NA,Noun,0.703,0.283,0.42,102
HoheN,NA,Noun,0.746,0.327,0.419,103
weichA,Sense perception,Adjective,0.711,0.292,0.419,104
sichversammelnV,Social and political relations,Verb,0.663,0.244,0.419,105
hartA,Sense perception,Adjective,0.757,0.338,0.419,106
setzenV,NA,Verb,0.671,0.253,0.418,107
MesserN,Basic actions and technology,Noun,0.72,0.302,0.418,108
schwimmenV,Motion,Verb,0.757,0.339,0.417,109
SaatN,Agriculture and vegetation,Noun,0.676,0.259,0.417,110
HaseN,Animals,Noun,0.771,0.355,0.416,111
faulenV,NA,Verb,0.659,0.244,0.415,112
LeineN,NA,Noun,0.675,0.26,0.415,113
sitzenV,Spatial relations,Verb,0.772,0.357,0.415,114
JahrN,Time,Noun,0.714,0.3,0.414,115
SternN,The physical world,Noun,0.696,0.283,0.414,116
EiN,Food and drink,Noun,0.738,0.325,0.413,117
TraumN,NA,Noun,0.742,0.33,0.412,118
lautenV,NA,Verb,0.65,0.239,0.412,119
zeigenV,Sense perception,Verb,0.697,0.286,0.411,120
zehnNUM,Quantity,Numerical,0.839,0.428,0.411,121
GurtelN,Clothing and grooming,Noun,0.687,0.277,0.411,122
sichschlagenV,NA,Verb,0.713,0.303,0.41,123
FuN,The body,Noun,0.697,0.287,0.409,124
FingerN,The body,Noun,0.734,0.326,0.408,125
langeADV,Time,Adverb,0.7,0.293,0.408,126
kaltA,Sense perception,Adjective,0.802,0.396,0.405,127
dunnA,Spatial relations,Adjective,0.665,0.261,0.404,128
bindenV,Basic actions and technology,Verb,0.732,0.328,0.403,129
letzterA,Quantity,Adjective,0.741,0.338,0.403,130
KnieN,The body,Noun,0.713,0.31,0.403,131
achtzigNUM,NA,Numerical,0.734,0.331,0.403,132
hauenV,NA,Verb,0.666,0.264,0.402,133
sofortADV,NA,Adverb,0.71,0.308,0.402,134
rechterA,Spatial relations,Adjective,0.704,0.302,0.402,135
FlugelN,The body,Noun,0.748,0.347,0.401,136
hebenV,NA,Verb,0.738,0.337,0.4,137
umkommenV,NA,Verb,0.652,0.252,0.4,138
offenA,NA,Adjective,0.746,0.349,0.398,139
funfNUM,Quantity,Numerical,0.828,0.431,0.397,140
soADV,NA,Adverb,0.631,0.234,0.397,141
verstehenV,NA,Verb,0.698,0.304,0.395,142
atmenV,The body,Verb,0.73,0.335,0.394,143
HungerN,NA,Noun,0.726,0.332,0.394,144
schmerzenV,NA,Verb,0.673,0.279,0.394,145
hangenV,NA,Verb,0.732,0.338,0.394,146
dreiNUM,Quantity,Numerical,0.748,0.355,0.393,147
achtNUM,Quantity,Numerical,0.756,0.363,0.393,148
sprechenV,Speech and language,Verb,0.644,0.251,0.393,149
pfluckenV,NA,Verb,0.753,0.36,0.393,150
dreiigNUM,NA,Numerical,0.705,0.313,0.392,151
siedenV,Food and drink,Verb,0.722,0.33,0.392,152
SpurN,NA,Noun,0.717,0.325,0.392,153
GegenstandN,NA,Noun,0.634,0.243,0.392,154
siebenNUM,Quantity,Numerical,0.72,0.329,0.391,155
verfaulenV,NA,Verb,0.643,0.253,0.39,156
rufenV,Speech and language,Verb,0.712,0.322,0.39,157
fullenV,NA,Verb,0.74,0.35,0.389,158
TraneN,Emotions and values,Noun,0.723,0.333,0.389,159
aufgehenSonneV,Motion,Verb,0.698,0.309,0.389,160
zwanzigNUM,Quantity,Numerical,0.827,0.439,0.388,161
hundertNUM,Quantity,Numerical,0.793,0.404,0.388,162
sechzigNUM,NA,Numerical,0.824,0.436,0.388,163
hochhebenV,Motion,Verb,0.721,0.334,0.387,164
MannN,Kinship,Noun,0.755,0.368,0.387,165
HautN,The body,Noun,0.737,0.35,0.387,166
EndeN,Spatial relations,Noun,0.684,0.298,0.386,167
backenV,Food and drink,Verb,0.656,0.271,0.385,168
GangN,NA,Noun,0.643,0.258,0.385,169
zwolfNUM,Quantity,Numerical,0.761,0.377,0.384,170
StrichN,NA,Noun,0.673,0.289,0.384,171
WestenN,Spatial relations,Noun,0.684,0.301,0.383,172
RufN,NA,Noun,0.699,0.317,0.382,173
SilberN,Basic actions and technology,Noun,0.782,0.4,0.382,174
GottN,NA,Noun,0.731,0.349,0.382,175
zusehenseinV,NA,Verb,0.67,0.29,0.38,176
GrundN,NA,Noun,0.721,0.342,0.38,177
einwickelnV,Motion,Verb,0.671,0.293,0.378,178
MadchenN,Kinship,Noun,0.69,0.313,0.378,179
ArmelN,NA,Noun,0.75,0.373,0.377,180
beugenV,Basic actions and technology,Verb,0.733,0.355,0.377,181
KlaueN,The body,Noun,0.763,0.386,0.377,182
BogenWaffeN,Warfare and hunting,Noun,0.773,0.396,0.376,183
schlafenV,The body,Verb,0.744,0.369,0.375,184
FellN,Clothing and grooming,Noun,0.727,0.354,0.373,185
EisenN,Basic actions and technology,Noun,0.825,0.452,0.373,186
hungrigA,Food and drink,Adjective,0.721,0.349,0.372,187
erscheinenV,NA,Verb,0.65,0.279,0.371,188
vierNUM,Quantity,Numerical,0.862,0.491,0.371,189
zerbrechenV,NA,Verb,0.674,0.303,0.371,190
GesprachN,NA,Noun,0.741,0.371,0.371,191
SpinneN,Animals,Noun,0.723,0.352,0.371,192
nahA,Spatial relations,Adjective,0.632,0.262,0.37,193
altA,NA,Adjective,0.702,0.332,0.37,194
morgenADV,Time,Adverb,0.706,0.338,0.368,195
vierzigNUM,NA,Numerical,0.745,0.377,0.368,196
LichtN,The physical world,Noun,0.653,0.285,0.368,197
sammelnV,Spatial relations,Verb,0.638,0.271,0.368,198
KnotenN,Basic actions and technology,Noun,0.686,0.32,0.366,199
anbindenV,NA,Verb,0.624,0.259,0.365,200
HerzN,The body,Noun,0.797,0.432,0.365,201
messenV,Spatial relations,Verb,0.712,0.347,0.365,202
WunschN,NA,Noun,0.708,0.343,0.365,203
rauschenV,NA,Verb,0.668,0.304,0.363,204
stellenV,Spatial relations,Verb,0.675,0.311,0.363,205
zuruckADV,NA,Adverb,0.713,0.351,0.363,206
futternV,NA,Verb,0.678,0.317,0.361,207
AnzahlN,NA,Noun,0.733,0.372,0.361,208
GroeN,NA,Noun,0.682,0.321,0.361,209
AdlerN,Animals,Noun,0.712,0.351,0.361,210
ruckwartsADV,NA,Adverb,0.668,0.308,0.36,211
WetterN,The physical world,Noun,0.735,0.376,0.359,212
MengeN,NA,Noun,0.663,0.304,0.359,213
zuerstADV,NA,Adverb,0.701,0.342,0.359,214
dortADV,Miscellaneous function words,Adverb,0.593,0.234,0.359,215
HeuN,Agriculture and vegetation,Noun,0.816,0.457,0.358,216
aufwachenV,The body,Verb,0.64,0.282,0.358,217
LehmN,Basic actions and technology,Noun,0.724,0.367,0.358,218
sterbenV,The body,Verb,0.731,0.374,0.358,219
GedachtnisN,NA,Noun,0.661,0.304,0.358,220
teilenV,Spatial relations,Verb,0.717,0.36,0.358,221
MuckeN,Animals,Noun,0.728,0.37,0.357,222
dannADV,NA,Adverb,0.663,0.306,0.357,223
EisN,The physical world,Noun,0.778,0.421,0.357,224
BaumN,Agriculture and vegetation,Noun,0.746,0.388,0.357,225
grabenV,Agriculture and vegetation,Verb,0.666,0.308,0.357,226
unterrichtenV,NA,Verb,0.745,0.388,0.357,227
tragenV,Motion,Verb,0.696,0.34,0.357,228
fluchtenV,NA,Verb,0.668,0.312,0.356,229
HimmelN,The physical world,Noun,0.731,0.375,0.356,230
schreibenV,Speech and language,Verb,0.7,0.345,0.355,231
dichtA,NA,Adjective,0.682,0.328,0.355,232
gieenV,NA,Verb,0.72,0.366,0.354,233
siebzigNUM,NA,Numerical,0.674,0.321,0.353,234
TagN,Time,Noun,0.675,0.322,0.353,235
schwarzA,Sense perception,Adjective,0.717,0.364,0.353,236
EhefrauN,Kinship,Noun,0.59,0.238,0.353,237
danachADV,NA,Adverb,0.596,0.243,0.353,238
vorPRP,Spatial relations,Preposition,0.648,0.295,0.352,239
bedeckenV,Spatial relations,Verb,0.666,0.314,0.352,240
MenschN,Kinship,Noun,0.719,0.368,0.351,241
grunA,Sense perception,Adjective,0.788,0.437,0.35,242
weiA,Sense perception,Adjective,0.685,0.335,0.35,243
HornN,The body,Noun,0.795,0.445,0.35,244
bekanntA,NA,Adjective,0.681,0.331,0.349,245
LebenN,The body,Noun,0.74,0.391,0.349,246
jetztADV,Time,Adverb,0.734,0.386,0.349,247
kaufenV,Possession,Verb,0.627,0.279,0.348,248
sehenV,Sense perception,Verb,0.706,0.359,0.348,249
suA,Sense perception,Adjective,0.727,0.38,0.348,250
wissenV,Cognition,Verb,0.726,0.379,0.347,251
untergehenSonneV,NA,Verb,0.656,0.308,0.347,252
verbindenV,NA,Verb,0.727,0.38,0.347,253
geborenwerdenV,The body,Verb,0.675,0.329,0.346,254
NetzN,NA,Noun,0.713,0.367,0.346,255
GriffN,NA,Noun,0.732,0.386,0.346,256
StabN,NA,Noun,0.703,0.358,0.345,257
schmalA,Spatial relations,Adjective,0.691,0.347,0.344,258
ZungeN,The body,Noun,0.783,0.439,0.344,259
GluckN,NA,Noun,0.66,0.316,0.344,260
richtigA,Emotions and values,Adjective,0.712,0.368,0.344,261
wachsenV,Spatial relations,Verb,0.746,0.403,0.343,262
sechsNUM,Quantity,Numerical,0.784,0.441,0.343,263
DonnerN,The physical world,Noun,0.61,0.268,0.342,264
fettA,NA,Adjective,0.792,0.45,0.342,265
ehemaligA,NA,Adjective,0.639,0.297,0.341,266
HandN,The body,Noun,0.734,0.392,0.341,267
dorthinADV,NA,Adverb,0.737,0.396,0.341,268
allesPRN,Quantity,Pronoun,0.644,0.304,0.34,269
stechenV,NA,Verb,0.756,0.416,0.34,270
hinfallenV,NA,Verb,0.686,0.346,0.34,271
alleinADV,Quantity,Adverb,0.689,0.349,0.34,272
bekommenV,Possession,Verb,0.633,0.293,0.34,273
schneidenV,Basic actions and technology,Verb,0.63,0.291,0.34,274
BauchN,The body,Noun,0.725,0.386,0.34,275
WinterN,Time,Noun,0.8,0.462,0.338,276
GeruchN,NA,Noun,0.701,0.364,0.337,277
wasFPRN,Cognition,Interrogative (pronoun),0.712,0.375,0.337,278
abwischenV,Basic actions and technology,Verb,0.721,0.384,0.337,279
kuhlA,NA,Adjective,0.67,0.333,0.337,280
wechselnV,NA,Verb,0.663,0.326,0.337,281
duPRN,Kinship,Pronoun,0.666,0.329,0.336,282
kommenV,Motion,Verb,0.709,0.372,0.336,283
aufhangenV,Basic actions and technology,Verb,0.614,0.278,0.336,284
totenV,The body,Verb,0.716,0.38,0.336,285
scheinenV,Cognition,Verb,0.607,0.271,0.336,286
anzundenV,The physical world,Verb,0.672,0.337,0.335,287
schmelzenV,NA,Verb,0.756,0.421,0.335,288
fischenV,NA,Verb,0.74,0.405,0.335,289
schlagenV,NA,Verb,0.696,0.361,0.335,290
sichsetzenV,NA,Verb,0.625,0.29,0.335,291
LausN,NA,Noun,0.688,0.354,0.334,292
BundelN,NA,Noun,0.662,0.328,0.334,293
dritterA,Quantity,Adjective,0.726,0.393,0.333,294
ZahnN,The body,Noun,0.772,0.439,0.333,295
offnenV,Spatial relations,Verb,0.7,0.367,0.333,296
SchmerzN,Emotions and values,Noun,0.665,0.332,0.333,297
WolleN,Clothing and grooming,Noun,0.75,0.417,0.333,298
nassA,Sense perception,Adjective,0.689,0.357,0.332,299
heiA,Sense perception,Adjective,0.753,0.42,0.332,300
FingernagelN,The body,Noun,0.686,0.354,0.332,301
EssenN,NA,Noun,0.733,0.402,0.332,302
schwingenV,NA,Verb,0.673,0.342,0.331,303
KralleN,The body,Noun,0.684,0.354,0.33,304
HugelN,NA,Noun,0.65,0.32,0.33,305
MitteN,Spatial relations,Noun,0.67,0.34,0.33,306
SeeN,The physical world,Noun,0.791,0.462,0.33,307
BlattN,Agriculture and vegetation,Noun,0.645,0.316,0.329,308
LautN,Sense perception,Noun,0.684,0.357,0.328,309
BrustN,The body,Noun,0.673,0.345,0.328,310
hierhinADV,NA,Adverb,0.669,0.341,0.327,311
ErdeN,NA,Noun,0.703,0.376,0.327,312
SonneN,The physical world,Noun,0.677,0.351,0.326,313
biegenV,NA,Verb,0.717,0.391,0.326,314
HaarN,NA,Noun,0.709,0.383,0.326,315
besitzenV,Possession,Verb,0.726,0.401,0.325,316
SpielN,NA,Noun,0.626,0.301,0.324,317
beherrschenV,Social and political relations,Verb,0.646,0.322,0.324,318
NaseN,The body,Noun,0.7,0.376,0.324,319
schwankenV,NA,Verb,0.527,0.204,0.324,320
SommerN,Time,Noun,0.67,0.346,0.323,321
AstN,NA,Noun,0.713,0.389,0.323,322
FruhlingN,Time,Noun,0.749,0.426,0.323,323
versinkenV,NA,Verb,0.749,0.427,0.323,324
steigenV,NA,Verb,0.705,0.383,0.322,325
hinterPRP,Spatial relations,Preposition,0.627,0.304,0.322,326
wohnenV,The house,Verb,0.686,0.364,0.322,327
reifA,Food and drink,Adjective,0.636,0.314,0.322,328
kaumADV,NA,Adverb,0.616,0.294,0.322,329
KnochenN,The body,Noun,0.724,0.402,0.322,330
SacheN,Possession,Noun,0.685,0.365,0.321,331
oftADV,Time,Adverb,0.62,0.3,0.321,332
wartenV,NA,Verb,0.671,0.351,0.32,333
spulenV,NA,Verb,0.713,0.393,0.32,334
FestlandN,The physical world,Noun,0.748,0.428,0.32,335
KuhN,Animals,Noun,0.767,0.448,0.319,336
essenV,Food and drink,Verb,0.674,0.356,0.318,337
verbergenV,NA,Verb,0.613,0.295,0.318,338
EllenbogenN,The body,Noun,0.645,0.327,0.318,339
mitteilenV,NA,Verb,0.726,0.408,0.318,340
vergessenV,Cognition,Verb,0.695,0.377,0.318,341
TodN,NA,Noun,0.732,0.415,0.317,342
trinkenV,Food and drink,Verb,0.735,0.417,0.317,343
kammenV,NA,Verb,0.63,0.313,0.317,344
zudeckenV,NA,Verb,0.594,0.278,0.316,345
sinkenV,NA,Verb,0.66,0.343,0.316,346
badenV,The body,Verb,0.614,0.298,0.316,347
findenV,Possession,Verb,0.703,0.387,0.316,348
BlutN,The body,Noun,0.735,0.42,0.316,349
SehneN,The body,Noun,0.743,0.428,0.316,350
haltenV,Possession,Verb,0.662,0.346,0.316,351
hineingehenV,Motion,Verb,0.726,0.411,0.315,352
OstenN,Spatial relations,Noun,0.63,0.315,0.315,353
KehleN,The body,Noun,0.641,0.326,0.315,354
KinnN,The body,Noun,0.758,0.443,0.314,355
SpracheN,Speech and language,Noun,0.713,0.402,0.311,356
arbeitenV,NA,Verb,0.68,0.369,0.311,357
KindN,Kinship,Noun,0.685,0.375,0.311,358
HalsN,The body,Noun,0.743,0.433,0.31,359
VaterN,Kinship,Noun,0.648,0.339,0.31,360
glanzenV,NA,Verb,0.658,0.349,0.309,361
StirnN,The body,Noun,0.662,0.352,0.309,362
zweiNUM,Quantity,Numerical,0.727,0.419,0.308,363
VogelN,Animals,Noun,0.678,0.371,0.307,364
diesPRN,Miscellaneous function words,Pronoun,0.582,0.275,0.307,365
lebenV,The body,Verb,0.69,0.383,0.307,366
SandN,The physical world,Noun,0.688,0.382,0.307,367
KieferBaumN,Agriculture and vegetation,Noun,0.638,0.331,0.307,368
HerbstN,Time,Noun,0.681,0.375,0.306,369
damalsADV,NA,Adverb,0.604,0.298,0.306,370
sichanziehenV,NA,Verb,0.695,0.39,0.305,371
werfenV,Motion,Verb,0.627,0.323,0.304,372
donnernV,NA,Verb,0.666,0.362,0.304,373
schreienV,Speech and language,Verb,0.547,0.243,0.304,374
PferdN,Animals,Noun,0.651,0.348,0.303,375
LederN,Clothing and grooming,Noun,0.696,0.394,0.303,376
FederN,The body,Noun,0.691,0.388,0.303,377
KornN,NA,Noun,0.651,0.348,0.303,378
sichfurchtenV,NA,Verb,0.67,0.367,0.302,379
FischN,Animals,Noun,0.681,0.378,0.302,380
argernV,NA,Verb,0.683,0.381,0.302,381
lernenV,Cognition,Verb,0.669,0.368,0.302,382
NachtN,Time,Noun,0.695,0.394,0.301,383
geschlossenA,NA,Adjective,0.687,0.386,0.301,384
KesselN,Food and drink,Noun,0.613,0.312,0.301,385
reifenV,NA,Verb,0.703,0.402,0.301,386
wiegenV,NA,Verb,0.626,0.326,0.3,387
WahrheitN,NA,Noun,0.654,0.354,0.3,388
FuchsN,Animals,Noun,0.627,0.327,0.3,389
zuruckkommenV,Motion,Verb,0.628,0.329,0.299,390
gefrierenV,The physical world,Verb,0.65,0.351,0.299,391
StimmeN,Speech and language,Noun,0.688,0.389,0.299,392
abnehmenV,NA,Verb,0.728,0.429,0.299,393
WurmN,Animals,Noun,0.648,0.349,0.298,394
TochterN,Kinship,Noun,0.794,0.496,0.298,395
GesichtN,The body,Noun,0.719,0.421,0.298,396
WeideN,Animals,Noun,0.575,0.278,0.297,397
MorgenN,Time,Noun,0.675,0.378,0.297,398
BarN,Animals,Noun,0.651,0.355,0.297,399
abreienV,Basic actions and technology,Verb,0.68,0.384,0.297,400
BartN,The body,Noun,0.672,0.376,0.297,401
schonA,Emotions and values,Adjective,0.656,0.361,0.296,402
SpitzeN,NA,Noun,0.701,0.406,0.295,403
AmeiseN,Animals,Noun,0.661,0.367,0.294,404
brausenV,NA,Verb,0.647,0.353,0.294,405
durchPRP,Miscellaneous function words,Preposition,0.723,0.43,0.293,406
SchaleN,NA,Noun,0.652,0.359,0.293,407
kletternV,Motion,Verb,0.709,0.416,0.292,408
kraftigA,NA,Adjective,0.664,0.372,0.292,409
spaterADV,NA,Adverb,0.636,0.344,0.292,410
weggehenV,Motion,Verb,0.608,0.316,0.292,411
KorperN,The body,Noun,0.586,0.295,0.291,412
GetreideN,Agriculture and vegetation,Noun,0.695,0.404,0.291,413
FalleN,Warfare and hunting,Noun,0.618,0.329,0.29,414
zerreienV,NA,Verb,0.612,0.323,0.289,415
ankommenV,Motion,Verb,0.708,0.419,0.289,416
jungA,Time,Adjective,0.67,0.382,0.288,417
SchwanN,NA,Noun,0.688,0.4,0.288,418
hinabADV,Spatial relations,Adverb,0.712,0.425,0.287,419
NadelN,Clothing and grooming,Noun,0.659,0.372,0.287,420
blasenV,NA,Verb,0.724,0.438,0.286,421
reparierenV,NA,Verb,0.669,0.385,0.284,422
konnenV,NA,Verb,0.594,0.31,0.284,423
ReichtumN,NA,Noun,0.69,0.406,0.284,424
LeberN,The body,Noun,0.723,0.439,0.284,425
dasPRN,Miscellaneous function words,Pronoun,0.585,0.302,0.283,426
larmenV,NA,Verb,0.652,0.37,0.282,427
redenV,NA,Verb,0.618,0.336,0.282,428
sicherhebenV,NA,Verb,0.669,0.388,0.282,429
StarkeN,NA,Noun,0.714,0.432,0.282,430
sauerA,Sense perception,Adjective,0.651,0.369,0.282,431
schlankA,NA,Adjective,0.691,0.41,0.281,432
BeereN,NA,Noun,0.693,0.413,0.28,433
kurzA,Spatial relations,Adjective,0.645,0.365,0.28,434
AscheN,The physical world,Noun,0.697,0.417,0.28,435
linkerA,Spatial relations,Adjective,0.586,0.306,0.28,436
SchlangeTierN,Animals,Noun,0.753,0.474,0.28,437
GewaltN,NA,Noun,0.608,0.329,0.279,438
RuheN,Sense perception,Noun,0.594,0.316,0.279,439
weinenV,Emotions and values,Verb,0.616,0.337,0.278,440
reichenV,NA,Verb,0.617,0.338,0.278,441
kleinA,Spatial relations,Adjective,0.577,0.298,0.278,442
schlieenV,Spatial relations,Verb,0.571,0.292,0.278,443
schickenV,Motion,Verb,0.586,0.308,0.278,444
MundN,The body,Noun,0.714,0.436,0.278,445
gehenV,Motion,Verb,0.621,0.344,0.277,446
BeinN,The body,Noun,0.622,0.345,0.277,447
EhemannN,Kinship,Noun,0.607,0.331,0.276,448
NameN,Speech and language,Noun,0.658,0.382,0.276,449
HundN,Animals,Noun,0.662,0.387,0.275,450
AugeN,The body,Noun,0.652,0.377,0.275,451
vergehenV,NA,Verb,0.601,0.327,0.275,452
ausziehenV,NA,Verb,0.694,0.419,0.275,453
GlasN,Basic actions and technology,Noun,0.715,0.441,0.274,454
brechenV,Basic actions and technology,Verb,0.612,0.339,0.274,455
lassenV,NA,Verb,0.572,0.299,0.273,456
aufeinmalADV,NA,Adverb,0.481,0.209,0.272,457
KusteN,NA,Noun,0.619,0.348,0.271,458
GrubeN,NA,Noun,0.575,0.303,0.271,459
MeerN,The physical world,Noun,0.582,0.311,0.271,460
leckerA,NA,Adjective,0.717,0.447,0.271,461
verlassenV,NA,Verb,0.615,0.344,0.271,462
lobenV,Emotions and values,Verb,0.617,0.347,0.271,463
verschiedenA,NA,Adjective,0.598,0.328,0.27,464
fleiigA,NA,Adjective,0.695,0.425,0.27,465
obenADV,Spatial relations,Adverb,0.658,0.388,0.269,466
einsNUM,Quantity,Numerical,0.677,0.407,0.269,467
horenV,Sense perception,Verb,0.717,0.447,0.269,468
umdrehenV,NA,Verb,0.663,0.394,0.269,469
zitternV,The body,Verb,0.681,0.413,0.268,470
rechnenV,NA,Verb,0.679,0.411,0.268,471
verlierenV,NA,Verb,0.736,0.467,0.268,472
boseA,NA,Adjective,0.55,0.282,0.268,473
ZweigN,NA,Noun,0.679,0.411,0.268,474
faulA,The body,Adjective,0.697,0.43,0.268,475
umruhrenV,NA,Verb,0.574,0.307,0.267,476
sichwaschenV,NA,Verb,0.676,0.409,0.267,477
schwerA,Sense perception,Adjective,0.633,0.366,0.267,478
ertragenV,NA,Verb,0.628,0.361,0.267,479
WinkelN,Spatial relations,Noun,0.597,0.331,0.267,480
wegenPRP,NA,Preposition,0.685,0.419,0.266,481
wirPRN,Kinship,Pronoun,0.692,0.425,0.266,482
FreundN,Social and political relations,Noun,0.696,0.43,0.266,483
AbendN,Time,Noun,0.612,0.347,0.265,484
BlumeN,Agriculture and vegetation,Noun,0.659,0.396,0.263,485
vergebensADV,NA,Adverb,0.674,0.412,0.262,486
ArbeitN,Basic actions and technology,Noun,0.733,0.471,0.262,487
suchenV,Possession,Verb,0.711,0.449,0.261,488
mogenV,NA,Verb,0.646,0.386,0.26,489
anziehenV,Clothing and grooming,Verb,0.648,0.388,0.259,490
NestN,Animals,Noun,0.746,0.487,0.259,491
HaufenN,NA,Noun,0.568,0.309,0.259,492
wehenV,Motion,Verb,0.616,0.357,0.258,493
BruckeN,Motion,Noun,0.732,0.475,0.257,494
vereinigenV,Spatial relations,Verb,0.713,0.457,0.256,495
frierenV,NA,Verb,0.633,0.378,0.256,496
LochN,Spatial relations,Noun,0.602,0.346,0.256,497
untenADV,NA,Adverb,0.628,0.372,0.256,498
bewahrenV,Possession,Verb,0.699,0.443,0.256,499
versprechenV,Speech and language,Verb,0.716,0.46,0.255,500
glaubenV,Cognition,Verb,0.673,0.419,0.255,501
FeuerN,The physical world,Noun,0.693,0.438,0.255,502
schreitenV,NA,Verb,0.641,0.386,0.255,503
treibenV,NA,Verb,0.617,0.363,0.254,504
PlatzN,NA,Noun,0.678,0.424,0.254,505
fangenV,Motion,Verb,0.667,0.414,0.253,506
grauA,NA,Adjective,0.696,0.443,0.253,507
MittagN,Time,Noun,0.623,0.371,0.252,508
FieberN,The body,Noun,0.625,0.373,0.252,509
einmalADV,NA,Adverb,0.645,0.394,0.251,510
EckeN,NA,Noun,0.659,0.408,0.251,511
NahrungN,Food and drink,Noun,0.689,0.439,0.25,512
StromungN,NA,Noun,0.635,0.385,0.25,513
langA,Spatial relations,Adjective,0.667,0.418,0.25,514
AnhoheN,NA,Noun,0.478,0.228,0.25,515
OhrN,The body,Noun,0.727,0.478,0.25,516
verbrennenV,The physical world,Verb,0.636,0.387,0.249,517
lehrenV,Cognition,Verb,0.621,0.373,0.248,518
werdenV,Miscellaneous function words,Verb,0.645,0.398,0.247,519
schwachA,The body,Adjective,0.587,0.34,0.247,520
nebenPRP,NA,Preposition,0.604,0.356,0.247,521
ziehenV,Basic actions and technology,Verb,0.717,0.47,0.247,522
klingenV,NA,Verb,0.679,0.432,0.246,523
FettN,Food and drink,Noun,0.724,0.478,0.246,524
SonntagN,Time,Noun,0.671,0.425,0.246,525
BusenN,The body,Noun,0.713,0.468,0.245,526
SpatenN,Agriculture and vegetation,Noun,0.684,0.439,0.244,527
streichenV,NA,Verb,0.584,0.341,0.243,528
rotA,Sense perception,Adjective,0.669,0.426,0.243,529
eilenV,Time,Verb,0.656,0.413,0.243,530
besuchenV,NA,Verb,0.695,0.452,0.243,531
melkenV,Food and drink,Verb,0.678,0.436,0.242,532
beienV,The body,Verb,0.611,0.369,0.242,533
erhaltenV,NA,Verb,0.663,0.422,0.242,534
dickGegenstandA,Spatial relations,Adjective,0.722,0.48,0.241,535
bringenV,Motion,Verb,0.624,0.383,0.241,536
scheinenSonneV,Sense perception,Verb,0.627,0.387,0.24,537
GrabN,The body,Noun,0.562,0.322,0.24,538
hackenV,Basic actions and technology,Verb,0.651,0.412,0.24,539
wendenV,NA,Verb,0.661,0.422,0.239,540
DorfN,Social and political relations,Noun,0.706,0.467,0.239,541
PfadN,Motion,Noun,0.709,0.47,0.239,542
legenV,NA,Verb,0.616,0.378,0.239,543
GeschirrN,NA,Noun,0.655,0.417,0.238,544
KleidungN,Clothing and grooming,Noun,0.699,0.461,0.238,545
FreudeN,NA,Noun,0.578,0.341,0.237,546
zwischenPRP,NA,Preposition,0.681,0.445,0.237,547
beginnenV,Time,Verb,0.698,0.461,0.237,548
drehenV,NA,Verb,0.63,0.394,0.236,549
sichbewegenV,NA,Verb,0.653,0.417,0.236,550
NabelN,The body,Noun,0.602,0.366,0.236,551
bittenV,Speech and language,Verb,0.519,0.284,0.236,552
geizigA,Possession,Adjective,0.601,0.365,0.235,553
WolkeN,The physical world,Noun,0.634,0.399,0.235,554
fahrenV,NA,Verb,0.633,0.399,0.234,555
schleifenV,NA,Verb,0.714,0.479,0.234,556
GoldN,Basic actions and technology,Noun,0.674,0.44,0.234,557
siePRN,Kinship,Pronoun,0.59,0.356,0.234,558
wunschenV,NA,Verb,0.612,0.378,0.234,559
versteckenV,Spatial relations,Verb,0.654,0.421,0.234,560
aufziehenV,NA,Verb,0.631,0.398,0.232,561
geradeausADV,NA,Adverb,0.643,0.412,0.232,562
TanteN,Kinship,Noun,0.546,0.314,0.232,563
elfNUM,Quantity,Numerical,0.688,0.456,0.232,564
klingelnV,NA,Verb,0.569,0.338,0.231,565
andererA,Miscellaneous function words,Adjective,0.721,0.49,0.231,566
ScheibeN,NA,Noun,0.677,0.446,0.23,567
rundA,Spatial relations,Adjective,0.646,0.415,0.23,568
SchnurN,NA,Noun,0.582,0.352,0.23,569
leitenV,Motion,Verb,0.678,0.448,0.23,570
abfahrenV,NA,Verb,0.653,0.423,0.23,571
NordenN,Spatial relations,Noun,0.671,0.441,0.229,572
HuhnN,Animals,Noun,0.638,0.408,0.229,573
ruhrenV,NA,Verb,0.674,0.446,0.229,574
anfangenV,Time,Verb,0.553,0.324,0.229,575
HandflacheN,The body,Noun,0.681,0.452,0.228,576
RindeN,Agriculture and vegetation,Noun,0.567,0.339,0.228,577
OrtN,Spatial relations,Noun,0.586,0.359,0.227,578
zunehmenV,NA,Verb,0.661,0.434,0.227,579
endenV,Time,Verb,0.595,0.369,0.226,580
sichunterhaltenV,NA,Verb,0.606,0.38,0.226,581
MondN,The physical world,Noun,0.703,0.477,0.226,582
sausenV,NA,Verb,0.592,0.367,0.226,583
FrauN,Kinship,Noun,0.729,0.504,0.225,584
PfeilN,Warfare and hunting,Noun,0.646,0.422,0.225,585
HeimN,NA,Noun,0.603,0.378,0.225,586
herstellenV,NA,Verb,0.664,0.44,0.224,587
funkelnV,NA,Verb,0.607,0.384,0.224,588
BauN,NA,Noun,0.578,0.355,0.223,589
WurzelN,Agriculture and vegetation,Noun,0.678,0.455,0.223,590
heuteADV,Time,Adverb,0.668,0.445,0.223,591
WundeN,The body,Noun,0.598,0.376,0.222,592
ElternN,Kinship,Noun,0.628,0.406,0.222,593
waschenV,Basic actions and technology,Verb,0.679,0.457,0.222,594
druckenV,Basic actions and technology,Verb,0.685,0.464,0.222,595
GehirnN,The body,Noun,0.619,0.398,0.221,596
PreisN,Possession,Noun,0.665,0.444,0.221,597
schlimmA,NA,Adjective,0.634,0.414,0.221,598
verbessernV,NA,Verb,0.631,0.411,0.22,599
KriegN,NA,Noun,0.613,0.393,0.22,600
AbhangN,The physical world,Noun,0.539,0.32,0.22,601
hinaufADV,Spatial relations,Adverb,0.651,0.432,0.219,602
FeindN,Social and political relations,Noun,0.691,0.472,0.219,603
WegN,NA,Noun,0.694,0.476,0.218,604
fremdA,NA,Adjective,0.663,0.445,0.218,605
HahnN,Animals,Noun,0.684,0.466,0.218,606
sicherholenV,The body,Verb,0.662,0.444,0.218,607
TeilN,Quantity,Noun,0.672,0.455,0.218,608
TierN,Animals,Noun,0.692,0.477,0.216,609
genesenV,NA,Verb,0.62,0.405,0.214,610
MontagN,Time,Noun,0.637,0.423,0.214,611
liebA,NA,Adjective,0.562,0.347,0.214,612
pfeifenV,Speech and language,Verb,0.684,0.47,0.214,613
schiebenV,Motion,Verb,0.623,0.409,0.214,614
LuftN,The physical world,Noun,0.65,0.436,0.214,615
zerstorenV,Possession,Verb,0.689,0.477,0.212,616
sanftA,NA,Adjective,0.644,0.432,0.212,617
reibenV,Basic actions and technology,Verb,0.501,0.289,0.212,618
jagenV,Warfare and hunting,Verb,0.673,0.462,0.211,619
BreiN,NA,Noun,0.623,0.412,0.211,620
wohinFADV,NA,Interrogative (adv.),0.568,0.358,0.21,621
BulleN,Animals,Noun,0.673,0.463,0.21,622
zeichnenV,NA,Verb,0.567,0.357,0.21,623
behindernV,NA,Verb,0.665,0.455,0.21,624
sichdrehenV,NA,Verb,0.701,0.492,0.21,625
EuleN,Animals,Noun,0.549,0.341,0.209,626
leerA,Quantity,Adjective,0.711,0.503,0.208,627
LarmN,NA,Noun,0.504,0.296,0.208,628
BuchstabeN,NA,Noun,0.642,0.434,0.208,629
kussenV,Emotions and values,Verb,0.65,0.442,0.208,630
begreifenV,Cognition,Verb,0.664,0.456,0.208,631
nacktA,The body,Adjective,0.605,0.397,0.208,632
KraftN,NA,Noun,0.663,0.456,0.208,633
blauA,Sense perception,Adjective,0.695,0.487,0.207,634
antreibenV,NA,Verb,0.588,0.381,0.207,635
gelbA,Sense perception,Adjective,0.655,0.448,0.207,636
GastN,Social and political relations,Noun,0.631,0.423,0.207,637
GeschmackN,NA,Noun,0.67,0.463,0.207,638
fuhlenV,NA,Verb,0.691,0.484,0.207,639
rettenV,Possession,Verb,0.721,0.514,0.207,640
sichtrennenV,NA,Verb,0.704,0.498,0.206,641
woFADV,Cognition,Interrogative (adv.),0.583,0.377,0.206,642
geschicktA,NA,Adjective,0.674,0.469,0.206,643
springenV,Motion,Verb,0.623,0.417,0.205,644
StraeN,Motion,Noun,0.607,0.402,0.205,645
AlterN,Time,Noun,0.643,0.438,0.205,646
RedeN,Speech and language,Noun,0.588,0.383,0.205,647
siegenV,NA,Verb,0.687,0.481,0.205,648
LiedN,Modern world,Noun,0.621,0.416,0.205,649
vorherADV,Spatial relations,Adverb,0.624,0.418,0.205,650
LeuteN,NA,Noun,0.565,0.361,0.204,651
RingN,Clothing and grooming,Noun,0.639,0.435,0.204,652
zweiterA,Quantity,Adjective,0.624,0.421,0.203,653
KreuzN,Spatial relations,Noun,0.636,0.433,0.203,654
kriechenV,NA,Verb,0.693,0.49,0.203,655
SchmutzN,NA,Noun,0.542,0.34,0.203,656
HolzN,The physical world,Noun,0.638,0.435,0.203,657
trocknenV,NA,Verb,0.61,0.407,0.202,658
LustN,NA,Noun,0.651,0.448,0.202,659
GromutterN,Kinship,Noun,0.558,0.356,0.202,660
festA,NA,Adjective,0.697,0.495,0.202,661
eintretenV,Motion,Verb,0.676,0.474,0.202,662
vorbereitenV,NA,Verb,0.658,0.456,0.202,663
AderN,NA,Noun,0.619,0.419,0.2,664
fragenV,Speech and language,Verb,0.619,0.418,0.2,665
SchulterN,The body,Noun,0.615,0.415,0.2,666
MutterN,Kinship,Noun,0.542,0.342,0.2,667
SundeN,NA,Noun,0.668,0.469,0.2,668
bauenV,Basic actions and technology,Verb,0.593,0.395,0.197,669
SumpfN,The physical world,Noun,0.703,0.506,0.197,670
rudernV,Motion,Verb,0.631,0.435,0.197,671
FunkeN,NA,Noun,0.572,0.376,0.197,672
fallenlassenV,NA,Verb,0.584,0.387,0.196,673
aufhebenV,Spatial relations,Verb,0.652,0.455,0.196,674
SchaumN,The physical world,Noun,0.674,0.478,0.196,675
probierenV,Sense perception,Verb,0.658,0.462,0.196,676
LandN,Social and political relations,Noun,0.659,0.463,0.196,677
SchweinN,Animals,Noun,0.549,0.355,0.195,678
klopfenV,NA,Verb,0.596,0.402,0.194,679
singenV,Speech and language,Verb,0.656,0.462,0.194,680
ansehenV,NA,Verb,0.604,0.411,0.194,681
EntfernungN,NA,Noun,0.669,0.475,0.193,682
BrotN,Food and drink,Noun,0.615,0.422,0.193,683
SchwarmN,NA,Noun,0.684,0.491,0.193,684
GegendN,NA,Noun,0.625,0.433,0.193,685
GesundheitN,The body,Noun,0.619,0.427,0.192,686
LehrerN,Cognition,Noun,0.587,0.396,0.191,687
schwenkenV,NA,Verb,0.545,0.354,0.191,688
aufstehenV,NA,Verb,0.569,0.378,0.19,689
baldADV,Time,Adverb,0.638,0.449,0.189,690
aufbewahrenV,Possession,Verb,0.68,0.492,0.188,691
BodenN,NA,Noun,0.679,0.49,0.188,692
GedankeN,NA,Noun,0.654,0.467,0.187,693
KampfN,Warfare and hunting,Noun,0.586,0.4,0.187,694
WortN,Speech and language,Noun,0.595,0.409,0.186,695
farbenV,Clothing and grooming,Verb,0.67,0.484,0.186,696
LeiterN,The house,Noun,0.708,0.522,0.186,697
SchlussN,Time,Noun,0.628,0.443,0.186,698
spitzA,Spatial relations,Adjective,0.689,0.503,0.185,699
glattA,Sense perception,Adjective,0.587,0.402,0.185,700
FlussN,NA,Noun,0.577,0.392,0.185,701
WiegeN,NA,Noun,0.607,0.422,0.185,702
tauschenV,NA,Verb,0.554,0.369,0.185,703
ArtN,NA,Noun,0.654,0.47,0.184,704
bewachenV,NA,Verb,0.653,0.469,0.184,705
HausN,The house,Noun,0.604,0.421,0.184,706
LoffelN,Food and drink,Noun,0.661,0.479,0.182,707
GenickN,The body,Noun,0.651,0.469,0.182,708
sichruhrenV,NA,Verb,0.63,0.449,0.181,709
schaukelnV,NA,Verb,0.501,0.321,0.18,710
blindA,The body,Adjective,0.663,0.483,0.18,711
kratzenV,Food and drink,Verb,0.529,0.349,0.179,712
vorwartsADV,NA,Adverb,0.614,0.435,0.179,713
zurucklassenV,NA,Verb,0.731,0.553,0.179,714
schuttenV,Basic actions and technology,Verb,0.575,0.396,0.179,715
WangeN,The body,Noun,0.66,0.481,0.178,716
einladenV,Social and political relations,Verb,0.656,0.478,0.177,717
HilfeN,Social and political relations,Noun,0.631,0.454,0.177,718
bemerkenV,NA,Verb,0.669,0.492,0.177,719
feinA,NA,Adjective,0.615,0.438,0.177,720
frischA,NA,Adjective,0.645,0.469,0.176,721
FadenN,Clothing and grooming,Noun,0.562,0.386,0.176,722
KieferAnatomieN,The body,Noun,0.562,0.387,0.176,723
altLebewesenA,NA,Adjective,0.557,0.381,0.175,724
BuchtN,The physical world,Noun,0.571,0.396,0.174,725
HonigN,Food and drink,Noun,0.566,0.392,0.173,726
einstADV,NA,Adverb,0.544,0.371,0.173,727
RaureifN,NA,Noun,0.647,0.475,0.172,728
buntA,NA,Adjective,0.631,0.459,0.172,729
geratenV,NA,Verb,0.553,0.381,0.172,730
NachrichtN,NA,Noun,0.686,0.515,0.171,731
hinzufugenV,NA,Verb,0.606,0.435,0.171,732
sicherinnernanV,Cognition,Verb,0.646,0.475,0.171,733
HalfteN,Quantity,Noun,0.643,0.472,0.17,734
BrunnenN,NA,Noun,0.619,0.449,0.17,735
auswahlenV,NA,Verb,0.552,0.383,0.169,736
AbstandN,NA,Noun,0.672,0.503,0.168,737
niemalsADV,Time,Adverb,0.585,0.417,0.168,738
ichPRN,Kinship,Pronoun,0.504,0.336,0.168,739
uberallADV,NA,Adverb,0.643,0.475,0.168,740
HemdN,Clothing and grooming,Noun,0.595,0.428,0.167,741
wahlenV,Emotions and values,Verb,0.542,0.376,0.167,742
erwartenV,NA,Verb,0.72,0.553,0.167,743
krankA,The body,Adjective,0.692,0.526,0.166,744
KonigN,Social and political relations,Noun,0.595,0.429,0.166,745
reienV,NA,Verb,0.603,0.438,0.165,746
manchmalADV,Time,Adverb,0.441,0.276,0.165,747
GewichtN,NA,Noun,0.691,0.526,0.165,748
NagelN,Basic actions and technology,Noun,0.655,0.49,0.165,749
leckenV,The body,Verb,0.566,0.401,0.164,750
HandtuchN,Clothing and grooming,Noun,0.613,0.449,0.164,751
ElchN,Animals,Noun,0.554,0.39,0.163,752
denkenV,NA,Verb,0.636,0.473,0.163,753
vernehmenV,NA,Verb,0.585,0.423,0.163,754
RuderN,Motion,Noun,0.622,0.46,0.162,755
ArbeiterN,NA,Noun,0.562,0.402,0.16,756
ApfelN,NA,Noun,0.538,0.378,0.159,757
KranichN,NA,Noun,0.59,0.432,0.158,758
GesellschaftN,NA,Noun,0.65,0.492,0.157,759
strickenV,NA,Verb,0.594,0.436,0.157,760
treffenV,NA,Verb,0.628,0.47,0.157,761
riechenV,Sense perception,Verb,0.642,0.486,0.156,762
billigA,Possession,Adjective,0.701,0.546,0.155,763
andernV,Spatial relations,Verb,0.544,0.39,0.155,764
erPRN,Kinship,Pronoun,0.551,0.397,0.154,765
GipfelN,NA,Noun,0.669,0.516,0.154,766
LastN,NA,Noun,0.695,0.541,0.153,767
BuchN,Speech and language,Noun,0.625,0.472,0.153,768
LippeN,The body,Noun,0.702,0.55,0.152,769
gelingenV,NA,Verb,0.626,0.475,0.151,770
ZeichenN,NA,Noun,0.602,0.451,0.15,771
StuhlN,The house,Noun,0.5,0.35,0.15,772
nennenV,Speech and language,Verb,0.562,0.412,0.15,773
GeschaftN,NA,Noun,0.625,0.475,0.15,774
SudenN,Spatial relations,Noun,0.615,0.465,0.15,775
KanteN,Spatial relations,Noun,0.611,0.462,0.148,776
klugA,Emotions and values,Adjective,0.623,0.475,0.148,777
bleibenV,Spatial relations,Verb,0.562,0.415,0.147,778
HohleN,The physical world,Noun,0.637,0.491,0.145,779
ergreifenV,NA,Verb,0.49,0.345,0.145,780
AngelegenheitN,NA,Noun,0.687,0.542,0.145,781
GrovaterN,Kinship,Noun,0.511,0.366,0.145,782
beschadigenV,Possession,Verb,0.556,0.412,0.144,783
WeideBaumN,NA,Noun,0.58,0.437,0.143,784
GansN,Animals,Noun,0.618,0.476,0.142,785
warumFADV,Cognition,Interrogative (adv.),0.674,0.533,0.14,786
NebelN,The physical world,Noun,0.556,0.416,0.14,787
StaubN,The physical world,Noun,0.563,0.424,0.139,788
ubersetzenV,NA,Verb,0.63,0.491,0.139,789
wertvollA,NA,Adjective,0.594,0.455,0.138,790
ihrPRN,Kinship,Pronoun,0.547,0.408,0.138,791
krankwerdenV,NA,Verb,0.605,0.467,0.138,792
schleppenV,NA,Verb,0.526,0.388,0.138,793
schluckenV,Food and drink,Verb,0.633,0.495,0.137,794
StammN,Agriculture and vegetation,Noun,0.664,0.528,0.136,795
MarchenN,NA,Noun,0.627,0.49,0.136,796
StuckN,Quantity,Noun,0.635,0.5,0.135,797
verschwindenV,Motion,Verb,0.672,0.539,0.133,798
wollenV,Emotions and values,Verb,0.514,0.381,0.133,799
packenV,NA,Verb,0.554,0.422,0.132,800
AtemN,NA,Noun,0.54,0.408,0.132,801
mudewerdenV,NA,Verb,0.6,0.468,0.132,802
groA,Spatial relations,Adjective,0.541,0.41,0.131,803
KammN,Clothing and grooming,Noun,0.613,0.483,0.129,804
tretenV,Motion,Verb,0.606,0.477,0.129,805
reichA,Possession,Adjective,0.609,0.481,0.129,806
RatselN,NA,Noun,0.577,0.449,0.128,807
taubA,The body,Adjective,0.651,0.523,0.128,808
SchmetterlingN,Animals,Noun,0.531,0.405,0.126,809
KissenN,The house,Noun,0.548,0.422,0.126,810
wiederADV,Time,Adverb,0.628,0.502,0.126,811
tausendNUM,Quantity,Numerical,0.579,0.455,0.124,812
zubereitenV,Food and drink,Verb,0.581,0.457,0.124,813
erzahlenV,Speech and language,Verb,0.624,0.501,0.123,814
ArzneiN,The body,Noun,0.541,0.418,0.123,815
BergN,NA,Noun,0.575,0.452,0.122,816
HerdeN,NA,Noun,0.561,0.44,0.121,817
sehrADV,NA,Adverb,0.398,0.278,0.12,818
UferN,The physical world,Noun,0.474,0.355,0.12,819
KnopfN,Clothing and grooming,Noun,0.64,0.521,0.119,820
StiefelN,Clothing and grooming,Noun,0.592,0.473,0.119,821
einwenigADV,NA,Adverb,0.544,0.427,0.118,822
StoffN,Clothing and grooming,Noun,0.615,0.498,0.117,823
NutzenN,NA,Noun,0.66,0.543,0.117,824
zusammenADV,NA,Adverb,0.644,0.528,0.116,825
LinieN,Spatial relations,Noun,0.478,0.363,0.115,826
schieenV,Warfare and hunting,Verb,0.525,0.41,0.115,827
storenV,NA,Verb,0.608,0.493,0.115,828
betrugenV,Cognition,Verb,0.602,0.488,0.115,829
starkA,The body,Adjective,0.556,0.442,0.114,830
OnkelN,Kinship,Noun,0.562,0.449,0.113,831
SackN,NA,Noun,0.545,0.432,0.113,832
StangeN,NA,Noun,0.666,0.553,0.113,833
hutenV,NA,Verb,0.52,0.407,0.113,834
tauchenV,Motion,Verb,0.621,0.509,0.112,835
aufhorenV,NA,Verb,0.544,0.432,0.112,836
NeuigkeitN,NA,Noun,0.521,0.412,0.109,837
ButterN,Food and drink,Noun,0.576,0.466,0.109,838
KrankheitN,The body,Noun,0.643,0.534,0.109,839
WareN,NA,Noun,0.545,0.436,0.109,840
vonhierADV,NA,Adverb,0.61,0.502,0.108,841
liebenV,Emotions and values,Verb,0.542,0.436,0.106,842
anschauenV,Sense perception,Verb,0.569,0.463,0.106,843
ZeitN,Time,Noun,0.558,0.453,0.105,844
tauenV,NA,Verb,0.536,0.432,0.104,845
reinigenV,NA,Verb,0.534,0.431,0.103,846
InselN,The physical world,Noun,0.628,0.525,0.103,847
BootN,Motion,Noun,0.549,0.448,0.101,848
DachN,The house,Noun,0.595,0.495,0.101,849
anhaltenV,NA,Verb,0.629,0.528,0.1,850
prahlenV,Speech and language,Verb,0.583,0.483,0.1,851
dummA,Cognition,Adjective,0.529,0.431,0.098,852
sichargernV,NA,Verb,0.598,0.5,0.098,853
schenkenV,NA,Verb,0.51,0.416,0.094,854
bezahlenV,NA,Verb,0.528,0.435,0.094,855
FigurN,Religion and belief,Noun,0.48,0.386,0.094,856
passierenV,NA,Verb,0.563,0.471,0.093,857
kochenV,NA,Verb,0.573,0.48,0.093,858
beruhmtA,NA,Adjective,0.556,0.464,0.092,859
spazierengehenV,NA,Verb,0.605,0.513,0.092,860
SchafN,Animals,Noun,0.514,0.422,0.092,861
LadenN,NA,Noun,0.595,0.503,0.092,862
MittwochN,Time,Noun,0.589,0.497,0.092,863
BruderN,Kinship,Noun,0.51,0.419,0.092,864
schlechtA,Emotions and values,Adjective,0.519,0.427,0.091,865
SchrittN,NA,Noun,0.536,0.445,0.091,866
lesenV,Speech and language,Verb,0.55,0.46,0.09,867
schuttelnV,Motion,Verb,0.529,0.439,0.09,868
flachA,Spatial relations,Adjective,0.642,0.553,0.09,869
MusterN,NA,Noun,0.494,0.405,0.089,870
immerADV,Time,Adverb,0.599,0.51,0.089,871
SpeiseN,Food and drink,Noun,0.63,0.543,0.087,872
DeckelN,NA,Noun,0.626,0.541,0.085,873
schimpfenV,NA,Verb,0.488,0.404,0.084,874
beruhrenV,Sense perception,Verb,0.539,0.454,0.084,875
fuhrenV,NA,Verb,0.527,0.443,0.084,876
WeltN,The physical world,Noun,0.552,0.469,0.083,877
MagenN,The body,Noun,0.577,0.495,0.083,878
oderCNJ,Cognition,Conjunction,0.604,0.523,0.081,879
KreisN,Spatial relations,Noun,0.49,0.409,0.081,880
schutzenV,NA,Verb,0.59,0.51,0.08,881
BriefN,Modern world,Noun,0.592,0.515,0.077,882
SchaufelN,Agriculture and vegetation,Noun,0.537,0.46,0.076,883
SpiegelN,Clothing and grooming,Noun,0.484,0.408,0.076,884
WelleN,The physical world,Noun,0.565,0.49,0.075,885
FubodenN,The house,Noun,0.602,0.529,0.074,886
sichbeeilenV,Time,Verb,0.579,0.506,0.074,887
fassenV,NA,Verb,0.641,0.569,0.072,888
nurADV,Quantity,Adverb,0.508,0.436,0.071,889
TanneN,Agriculture and vegetation,Noun,0.572,0.501,0.071,890
armA,Possession,Adjective,0.625,0.555,0.07,891
teuerA,Possession,Adjective,0.526,0.457,0.069,892
SchuldN,Emotions and values,Noun,0.534,0.465,0.069,893
SchlittenN,NA,Noun,0.501,0.436,0.065,894
SuppeN,Food and drink,Noun,0.473,0.408,0.064,895
DeckeN,The house,Noun,0.588,0.524,0.064,896
UngluckN,Emotions and values,Noun,0.534,0.473,0.062,897
undCNJ,Cognition,Conjunction,0.514,0.452,0.061,898
RiemenN,NA,Noun,0.437,0.376,0.061,899
PilzN,Agriculture and vegetation,Noun,0.548,0.488,0.06,900
QuelleN,NA,Noun,0.619,0.562,0.057,901
stumpfA,Sense perception,Adjective,0.497,0.44,0.057,902
StadtN,Social and political relations,Noun,0.465,0.41,0.056,903
FamilieN,Kinship,Noun,0.618,0.564,0.054,904
plotzlichADV,NA,Adverb,0.543,0.49,0.053,905
EichhornchenN,Animals,Noun,0.535,0.483,0.052,906
verteidigenV,Warfare and hunting,Verb,0.567,0.516,0.051,907
BesenN,Basic actions and technology,Noun,0.514,0.465,0.049,908
stoenV,NA,Verb,0.555,0.506,0.049,909
beendenV,Time,Verb,0.505,0.455,0.049,910
SchuhN,Clothing and grooming,Noun,0.585,0.537,0.048,911
HakenN,Spatial relations,Noun,0.52,0.473,0.047,912
TuchN,NA,Noun,0.52,0.473,0.047,913
StockN,NA,Noun,0.512,0.465,0.046,914
DreckN,NA,Noun,0.495,0.45,0.044,915
heulenV,Speech and language,Verb,0.529,0.488,0.041,916
schonADV,NA,Adverb,0.488,0.447,0.041,917
BachN,NA,Noun,0.5,0.46,0.041,918
WieseN,NA,Noun,0.538,0.505,0.033,919
versuchenV,Cognition,Verb,0.533,0.5,0.032,920
EnteN,Animals,Noun,0.534,0.505,0.03,921
VolkN,Social and political relations,Noun,0.569,0.54,0.029,922
traurigA,NA,Adjective,0.556,0.527,0.029,923
TorN,NA,Noun,0.56,0.533,0.027,924
VerstandN,Cognition,Noun,0.549,0.523,0.026,925
WaldN,The physical world,Noun,0.485,0.464,0.021,926
lustigA,NA,Adjective,0.421,0.401,0.02,927
DienstagN,Time,Noun,0.526,0.507,0.02,928
BarschN,NA,Noun,0.578,0.558,0.019,929
BrettN,The house,Noun,0.484,0.465,0.019,930
schmutzigA,Sense perception,Adjective,0.466,0.448,0.019,931
KisteN,NA,Noun,0.545,0.528,0.017,932
FehlerN,Emotions and values,Noun,0.598,0.584,0.014,933
SinnN,NA,Noun,0.482,0.47,0.013,934
GeistN,NA,Noun,0.486,0.479,0.007,935
BildN,NA,Noun,0.535,0.529,0.006,936
verderbenV,NA,Verb,0.551,0.546,0.005,937
bratenV,NA,Verb,0.521,0.515,0.005,938
ruttelnV,NA,Verb,0.435,0.432,0.003,939
belastigenV,NA,Verb,0.482,0.481,0.001,940
krankseinV,NA,Verb,0.565,0.566,-0.001,941
TischN,The house,Noun,0.48,0.482,-0.002,942
KummerN,Emotions and values,Noun,0.515,0.517,-0.003,943
BeutelN,NA,Noun,0.543,0.546,-0.004,944
ReiheN,NA,Noun,0.458,0.465,-0.007,945
FensterN,The house,Noun,0.46,0.468,-0.008,946
KragenN,Clothing and grooming,Noun,0.536,0.548,-0.012,947
MeisterN,NA,Noun,0.46,0.473,-0.013,948
wahrA,Emotions and values,Adjective,0.576,0.589,-0.014,949
SeptemberN,NA,Noun,0.437,0.455,-0.018,950
OfenN,The house,Noun,0.418,0.436,-0.019,951
RohrN,NA,Noun,0.487,0.508,-0.021,952
KircheN,Religion and belief,Noun,0.471,0.492,-0.021,953
sauberA,Sense perception,Adjective,0.48,0.501,-0.021,954
WocheN,Time,Noun,0.494,0.517,-0.023,955
hubschA,NA,Adjective,0.467,0.491,-0.024,956
ZaunN,Agriculture and vegetation,Noun,0.521,0.546,-0.025,957
TeeN,Modern world,Noun,0.35,0.377,-0.027,958
LagerfeuerN,NA,Noun,0.53,0.557,-0.027,959
tanzenV,Motion,Verb,0.411,0.44,-0.028,960
schmuckenV,NA,Verb,0.493,0.521,-0.029,961
JuniN,NA,Noun,0.416,0.451,-0.034,962
FebruarN,NA,Noun,0.399,0.434,-0.035,963
SkiN,NA,Noun,0.495,0.535,-0.04,964
JungeN,Kinship,Noun,0.457,0.497,-0.04,965
MutzeN,NA,Noun,0.431,0.473,-0.042,966
GewehrN,Warfare and hunting,Noun,0.504,0.546,-0.042,967
HechtN,NA,Noun,0.399,0.445,-0.046,968
GeschenkN,NA,Noun,0.47,0.517,-0.047,969
SamstagN,Time,Noun,0.402,0.452,-0.049,970
ZeitungN,Modern world,Noun,0.443,0.493,-0.05,971
MachtN,NA,Noun,0.511,0.564,-0.053,972
malenV,Basic actions and technology,Verb,0.397,0.451,-0.054,973
werFPRN,Cognition,Interrogative (pronoun),0.424,0.479,-0.055,974
BandN,NA,Noun,0.468,0.524,-0.056,975
nochADV,NA,Adverb,0.453,0.512,-0.059,976
ErzahlungN,NA,Noun,0.449,0.51,-0.06,977
DezemberN,NA,Noun,0.404,0.465,-0.061,978
NovemberN,NA,Noun,0.395,0.459,-0.064,979
JuliN,NA,Noun,0.376,0.442,-0.066,980
TopfN,Food and drink,Noun,0.447,0.513,-0.066,981
KameradN,NA,Noun,0.481,0.552,-0.071,982
OktoberN,NA,Noun,0.394,0.468,-0.074,983
OlN,Food and drink,Noun,0.36,0.436,-0.076,984
GabelN,Food and drink,Noun,0.43,0.51,-0.08,985
klebenV,NA,Verb,0.446,0.529,-0.083,986
StaatN,NA,Noun,0.407,0.493,-0.086,987
ArztN,The body,Noun,0.394,0.48,-0.086,988
PlatteN,NA,Noun,0.358,0.447,-0.088,989
ZwiebelN,NA,Noun,0.371,0.465,-0.093,990
GrenzeN,NA,Noun,0.418,0.516,-0.098,991
FreitagN,Time,Noun,0.448,0.547,-0.099,992
BettN,The house,Noun,0.499,0.598,-0.1,993
TonN,NA,Noun,0.362,0.468,-0.106,994
ChefN,NA,Noun,0.33,0.445,-0.115,995
DonnerstagN,Time,Noun,0.427,0.556,-0.129,996
KuckuckN,NA,Noun,0.355,0.488,-0.133,997
KatzeN,Animals,Noun,0.299,0.438,-0.14,998
TasseN,Food and drink,Noun,0.37,0.509,-0.14,999
SchadenN,NA,Noun,0.419,0.561,-0.142,1000
PuppeN,NA,Noun,0.458,0.6,-0.142,1001
FarbeN,Basic actions and technology,Noun,0.394,0.544,-0.15,1002
JanuarN,NA,Noun,0.316,0.473,-0.157,1003
HoseN,Clothing and grooming,Noun,0.447,0.607,-0.16,1004
MarzN,NA,Noun,0.312,0.48,-0.168,1005
AugustN,NA,Noun,0.281,0.476,-0.195,1006
MaiN,NA,Noun,0.295,0.495,-0.2,1007
RegalN,The house,Noun,0.395,0.606,-0.212,1008
AprilN,NA,Noun,0.27,0.501,-0.23,1009
TascheN,NA,Noun,0.394,0.629,-0.235,1010
GeldN,Animals,Noun,0.379,0.669,-0.29,1011
EimerN,NA,Noun,0.277,0.576,-0.298,1012
SchlossN,The house,Noun,0.309,0.609,-0.3,1013
SchnurrbartN,NA,Noun,0.337,0.687,-0.35,1014
